{"entities":{"pages":{"-3o5fdo_2":{"id":"-3o5fdo_2","title":"Preamble","level":0,"pages":["doc-data","doc-history","doc-attachments","doc-tocs","doc-preface"],"tabIndex":0},"doc-data":{"id":"doc-data","title":"Dati del documento","url":"doc-data.html","level":1,"parentId":"-3o5fdo_2","tabIndex":0},"doc-history":{"id":"doc-history","title":"Storia delle modifiche","url":"doc-history.html","level":1,"parentId":"-3o5fdo_2","tabIndex":1},"doc-attachments":{"id":"doc-attachments","title":"Registro degli Allegati","url":"doc-attachments.html","level":1,"parentId":"-3o5fdo_2","tabIndex":2},"doc-tocs":{"id":"doc-tocs","title":"Indice","url":"doc-tocs.html","level":1,"parentId":"-3o5fdo_2","tabIndex":3},"doc-preface":{"id":"doc-preface","title":"Prefazione","url":"doc-preface.html","level":1,"parentId":"-3o5fdo_2","pages":["doc-ambit","doc-scope","doc-structure"],"tabIndex":4},"doc-ambit":{"id":"doc-ambit","title":"Ambito","url":"doc-ambit.html","level":2,"parentId":"doc-preface","tabIndex":0},"doc-scope":{"id":"doc-scope","title":"Scopo","url":"doc-scope.html","level":2,"parentId":"doc-preface","tabIndex":1},"doc-structure":{"id":"doc-structure","title":"Oragnizzazione di tpm-arabesque","url":"doc-structure.html","level":2,"parentId":"doc-preface","tabIndex":2},"orchestrations":{"id":"orchestrations","title":"Orchestrazioni","url":"orchestrations.html","level":0,"pages":["orc-examples"],"tabIndex":1},"orc-examples":{"id":"orc-examples","title":"Esempi","url":"orc-examples.html","level":1,"parentId":"orchestrations","pages":["example-loop","example-goto","orc-example-semaphore"],"tabIndex":0},"example-loop":{"id":"example-loop","title":"esempio loop","url":"example-loop.html","level":2,"parentId":"orc-examples","tabIndex":0},"example-goto":{"id":"example-goto","title":"esempio goto","url":"example-goto.html","level":2,"parentId":"orc-examples","tabIndex":1},"orc-example-semaphore":{"id":"orc-example-semaphore","title":"esempio semaphore","url":"orc-example-semaphore.html","level":2,"parentId":"orc-examples","tabIndex":2},"orc-activities":{"id":"orc-activities","title":"Activities","url":"orc-activities.html","level":0,"pages":["act-echo-activity","json-schema-activity","act-kafka-activity","act-loop-activity","act-mongo-activity","act-nested-orchestration-activity","act-request-activity","act-response-activity","act-rest-activity","script-activity","act-transform-activity"],"tabIndex":2},"act-echo-activity":{"id":"act-echo-activity","title":"echo-activity","url":"act-echo-activity.html","level":1,"parentId":"orc-activities","tabIndex":0},"json-schema-activity":{"id":"json-schema-activity","title":"json-schema-activity","url":"json-schema-activity.html","level":1,"parentId":"orc-activities","tabIndex":1},"act-kafka-activity":{"id":"act-kafka-activity","title":"kafka-activity","url":"act-kafka-activity.html","level":1,"parentId":"orc-activities","tabIndex":2},"act-loop-activity":{"id":"act-loop-activity","title":"loop-activity","url":"act-loop-activity.html","level":1,"parentId":"orc-activities","tabIndex":3},"act-mongo-activity":{"id":"act-mongo-activity","title":"mongo-activity","url":"act-mongo-activity.html","level":1,"parentId":"orc-activities","tabIndex":4},"act-nested-orchestration-activity":{"id":"act-nested-orchestration-activity","title":"nested-orchestration-activity","url":"act-nested-orchestration-activity.html","level":1,"parentId":"orc-activities","tabIndex":5},"act-request-activity":{"id":"act-request-activity","title":"request-activity","url":"act-request-activity.html","level":1,"parentId":"orc-activities","tabIndex":6},"act-response-activity":{"id":"act-response-activity","title":"response-activity","url":"act-response-activity.html","level":1,"parentId":"orc-activities","tabIndex":7},"act-rest-activity":{"id":"act-rest-activity","title":"rest-activity","url":"act-rest-activity.html","level":1,"parentId":"orc-activities","tabIndex":8},"script-activity":{"id":"script-activity","title":"script-activity","url":"script-activity.html","level":1,"parentId":"orc-activities","tabIndex":9},"act-transform-activity":{"id":"act-transform-activity","title":"transform-activity","url":"act-transform-activity.html","level":1,"parentId":"orc-activities","tabIndex":10},"expressions":{"id":"expressions","title":"Espressioni","url":"expressions.html","level":0,"pages":["expr-context","expr-interpolation"],"tabIndex":3},"expr-context":{"id":"expr-context","title":"Expression Scope","url":"expr-context.html","level":1,"parentId":"expressions","tabIndex":0},"expr-interpolation":{"id":"expr-interpolation","title":"Regole di interpolazione","url":"expr-interpolation.html","level":1,"parentId":"expressions","tabIndex":1},"funcs":{"id":"funcs","title":"Funzioni","url":"funcs.html","level":0,"pages":["-3o5fdo_41","-3o5fdo_42","-3o5fdo_43","-3o5fdo_44","-3o5fdo_45"],"tabIndex":4},"-3o5fdo_41":{"id":"-3o5fdo_41","title":"Funzioni gestione importi","level":1,"parentId":"funcs","pages":["func-amtAdd","func-amtCmp","func-amtConv","func-amtDiff","func-amtFmt","func-amtNeg"],"tabIndex":0},"func-amtAdd":{"id":"func-amtAdd","title":"Funzione: amtAdd","url":"func-amtadd.html","level":2,"parentId":"-3o5fdo_41","tabIndex":0},"func-amtCmp":{"id":"func-amtCmp","title":"Funzione: amtCmp","url":"func-amtcmp.html","level":2,"parentId":"-3o5fdo_41","tabIndex":1},"func-amtConv":{"id":"func-amtConv","title":"Funzione: amtConv","url":"func-amtconv.html","level":2,"parentId":"-3o5fdo_41","tabIndex":2},"func-amtDiff":{"id":"func-amtDiff","title":"Funzione: amtDiff","url":"func-amtdiff.html","level":2,"parentId":"-3o5fdo_41","tabIndex":3},"func-amtFmt":{"id":"func-amtFmt","title":"Funzione: amtFmt","url":"func-amtfmt.html","level":2,"parentId":"-3o5fdo_41","tabIndex":4},"func-amtNeg":{"id":"func-amtNeg","title":"Funzione: amtNeg","url":"func-amtneg.html","level":2,"parentId":"-3o5fdo_41","tabIndex":5},"-3o5fdo_42":{"id":"-3o5fdo_42","title":"Funzioni per le date","level":1,"parentId":"funcs","pages":["func-isDate","func-dateDiff","func-now","func-parseAndFormatDate","func-parseDate"],"tabIndex":1},"func-isDate":{"id":"func-isDate","title":"Funzione: isDate","url":"func-isdate.html","level":2,"parentId":"-3o5fdo_42","tabIndex":0},"func-dateDiff":{"id":"func-dateDiff","title":"Funzione: dateDiff","url":"func-datediff.html","level":2,"parentId":"-3o5fdo_42","tabIndex":1},"func-now":{"id":"func-now","title":"Funzione: now","url":"func-now.html","level":2,"parentId":"-3o5fdo_42","tabIndex":2},"func-parseAndFormatDate":{"id":"func-parseAndFormatDate","title":"Funzione: parseAndFormatDate","url":"func-parseandformatdate.html","level":2,"parentId":"-3o5fdo_42","tabIndex":3},"func-parseDate":{"id":"func-parseDate","title":"Funzione: parseDate","url":"func-parsedate.html","level":2,"parentId":"-3o5fdo_42","tabIndex":4},"-3o5fdo_43":{"id":"-3o5fdo_43","title":"Funzioni Stringhe","level":1,"parentId":"funcs","pages":["func-b64","func-left","func-len","func-padLeft","func-printf","func-regexExtractFirst","func-regexMatch","func-right","func-stringIn","func-substr","func-trimSpace","func-uuid"],"tabIndex":2},"func-b64":{"id":"func-b64","title":"Funzione: b64","url":"func-b64.html","level":2,"parentId":"-3o5fdo_43","tabIndex":0},"func-left":{"id":"func-left","title":"Funzione: left","url":"func-left.html","level":2,"parentId":"-3o5fdo_43","tabIndex":1},"func-len":{"id":"func-len","title":"Funzione: len","url":"func-len.html","level":2,"parentId":"-3o5fdo_43","tabIndex":2},"func-padLeft":{"id":"func-padLeft","title":"Funzione: padLeft","url":"func-padleft.html","level":2,"parentId":"-3o5fdo_43","tabIndex":3},"func-printf":{"id":"func-printf","title":"Funzione: printf","url":"func-printf.html","level":2,"parentId":"-3o5fdo_43","tabIndex":4},"func-regexExtractFirst":{"id":"func-regexExtractFirst","title":"Funzione: regexExtractFirst","url":"func-regexextractfirst.html","level":2,"parentId":"-3o5fdo_43","tabIndex":5},"func-regexMatch":{"id":"func-regexMatch","title":"Funzione: regexMatch","url":"func-regexmatch.html","level":2,"parentId":"-3o5fdo_43","tabIndex":6},"func-right":{"id":"func-right","title":"Funzione: right","url":"func-right.html","level":2,"parentId":"-3o5fdo_43","tabIndex":7},"func-stringIn":{"id":"func-stringIn","title":"Funzione: stringIn","url":"func-stringin.html","level":2,"parentId":"-3o5fdo_43","tabIndex":8},"func-substr":{"id":"func-substr","title":"Funzione: substr","url":"func-substr.html","level":2,"parentId":"-3o5fdo_43","tabIndex":9},"func-trimSpace":{"id":"func-trimSpace","title":"Funzione: trimSpace","url":"func-trimspace.html","level":2,"parentId":"-3o5fdo_43","tabIndex":10},"func-uuid":{"id":"func-uuid","title":"Funzione: uuid","url":"func-uuid.html","level":2,"parentId":"-3o5fdo_43","tabIndex":11},"-3o5fdo_44":{"id":"-3o5fdo_44","title":"Funzioni Json","level":1,"parentId":"funcs","pages":["func-isJsonArray","func-lenJsonArray"],"tabIndex":3},"func-isJsonArray":{"id":"func-isJsonArray","title":"Funzione: isJsonArray","url":"func-isjsonarray.html","level":2,"parentId":"-3o5fdo_44","tabIndex":0},"func-lenJsonArray":{"id":"func-lenJsonArray","title":"Funzione: lenJsonArray","url":"func-lenjsonarray.html","level":2,"parentId":"-3o5fdo_44","tabIndex":1},"-3o5fdo_45":{"id":"-3o5fdo_45","title":"Altre Funzioni","level":1,"parentId":"funcs","pages":["func-age","func-dict","func-globalVar","func-isDef","func-tmpl"],"tabIndex":4},"func-age":{"id":"func-age","title":"Funzione: age","url":"func-age.html","level":2,"parentId":"-3o5fdo_45","tabIndex":0},"func-dict":{"id":"func-dict","title":"Funzione: dict","url":"func-dict.html","level":2,"parentId":"-3o5fdo_45","tabIndex":1},"func-globalVar":{"id":"func-globalVar","title":"Funzione: globalVar","url":"func-globalvar.html","level":2,"parentId":"-3o5fdo_45","tabIndex":2},"func-isDef":{"id":"func-isDef","title":"Funzione: isDef","url":"func-isdef.html","level":2,"parentId":"-3o5fdo_45","tabIndex":3},"func-tmpl":{"id":"func-tmpl","title":"Funzione: tmpl","url":"func-tmpl.html","level":2,"parentId":"-3o5fdo_45","tabIndex":4},"_xforms":{"id":"_xforms","title":"Trasformazioni","url":"xforms.html","level":0,"pages":["xform-addarrayitems","xform-coalesce","xform-concat","xform-default","xform-delete","xform-distinctarrayitems","xform-extract","xform-filterarrayitems","xform-format","xform-lenarrays","xform-mergearrays","xform-no-op.go","xform-pass","xform-reducearray","xform-setproperties","xform-shiftarrayitems","xform-shift","xform-timestamp","xform-uuid"],"tabIndex":5},"xform-addarrayitems":{"id":"xform-addarrayitems","title":"add-array-items","url":"xform-addarrayitems.html","level":1,"parentId":"_xforms","tabIndex":0},"xform-coalesce":{"id":"xform-coalesce","title":"coalesce","url":"xform-coalesce.html","level":1,"parentId":"_xforms","tabIndex":1},"xform-concat":{"id":"xform-concat","title":"concat","url":"xform-concat.html","level":1,"parentId":"_xforms","tabIndex":2},"xform-default":{"id":"xform-default","title":"default","url":"xform-default.html","level":1,"parentId":"_xforms","tabIndex":3},"xform-delete":{"id":"xform-delete","title":"delete","url":"xform-delete.html","level":1,"parentId":"_xforms","tabIndex":4},"xform-distinctarrayitems":{"id":"xform-distinctarrayitems","title":"distinctarrayitems","url":"xform-distinctarrayitems.html","level":1,"parentId":"_xforms","tabIndex":5},"xform-extract":{"id":"xform-extract","title":"extract","url":"xform-extract.html","level":1,"parentId":"_xforms","tabIndex":6},"xform-filterarrayitems":{"id":"xform-filterarrayitems","title":"filter-array-items","url":"xform-filterarrayitems.html","level":1,"parentId":"_xforms","tabIndex":7},"xform-format":{"id":"xform-format","title":"format","url":"xform-format.html","level":1,"parentId":"_xforms","tabIndex":8},"xform-lenarrays":{"id":"xform-lenarrays","title":"lenarrays","url":"xform-lenarrays.html","level":1,"parentId":"_xforms","tabIndex":9},"xform-mergearrays":{"id":"xform-mergearrays","title":"merge-arrays","url":"xform-mergearrays.html","level":1,"parentId":"_xforms","tabIndex":10},"xform-no-op.go":{"id":"xform-no-op.go","title":"no-op.go","url":"xform-no-op-go.html","level":1,"parentId":"_xforms","tabIndex":11},"xform-pass":{"id":"xform-pass","title":"pass","url":"xform-pass.html","level":1,"parentId":"_xforms","tabIndex":12},"xform-reducearray":{"id":"xform-reducearray","title":"reducearray","url":"xform-reducearray.html","level":1,"parentId":"_xforms","tabIndex":13},"xform-setproperties":{"id":"xform-setproperties","title":"set-properties","url":"xform-setproperties.html","level":1,"parentId":"_xforms","tabIndex":14},"xform-shiftarrayitems":{"id":"xform-shiftarrayitems","title":"shift-array-items","url":"xform-shiftarrayitems.html","level":1,"parentId":"_xforms","tabIndex":15},"xform-shift":{"id":"xform-shift","title":"shift","url":"xform-shift.html","level":1,"parentId":"_xforms","tabIndex":16},"xform-timestamp":{"id":"xform-timestamp","title":"timestamp","url":"xform-timestamp.html","level":1,"parentId":"_xforms","tabIndex":17},"xform-uuid":{"id":"xform-uuid","title":"uuid","url":"xform-uuid.html","level":1,"parentId":"_xforms","tabIndex":18},"tpm-symphony":{"id":"tpm-symphony","title":"tpm-orchestra","url":"tpm-symphony.html","level":0,"pages":["smp-proxy"],"tabIndex":6},"smp-proxy":{"id":"smp-proxy","title":"Proxy","url":"smp-proxy.html","level":1,"parentId":"tpm-symphony","tabIndex":0},"tpm-rhapsody":{"id":"tpm-rhapsody","title":"tpm-rhapsody","url":"tpm-rhapsody.html","level":0,"pages":["rhp-pipeline","rhp-sink-kafka","rhp-sink-mongo"],"tabIndex":7},"rhp-pipeline":{"id":"rhp-pipeline","title":"Configurazione pipelines","url":"rhp-pipeline.html","level":1,"parentId":"tpm-rhapsody","tabIndex":0},"rhp-sink-kafka":{"id":"rhp-sink-kafka","title":"Kafka Sink","url":"rhp-sink-kafka.html","level":1,"parentId":"tpm-rhapsody","tabIndex":1},"rhp-sink-mongo":{"id":"rhp-sink-mongo","title":"Mongo Sink","url":"rhp-sink-mongo.html","level":1,"parentId":"tpm-rhapsody","tabIndex":2},"tpm-orc-cli":{"id":"tpm-orc-cli","title":"tpm-orc-cli","url":"tpm-orc-cli.html","level":0,"pages":["orc-cli-exec","orc-cli-doc"],"tabIndex":8},"orc-cli-exec":{"id":"orc-cli-exec","title":"exec command","url":"orc-cli-exec.html","level":1,"parentId":"tpm-orc-cli","pages":["orc-cli-exec-kazaam","orc-cli-exec-orc"],"tabIndex":0},"orc-cli-exec-kazaam":{"id":"orc-cli-exec-kazaam","title":"exec: sotto comando kazaam","url":"orc-cli-exec-kazaam.html","level":2,"parentId":"orc-cli-exec","tabIndex":0},"orc-cli-exec-orc":{"id":"orc-cli-exec-orc","title":"exec: sotto comando orc","url":"orc-cli-exec-orc.html","level":2,"parentId":"orc-cli-exec","tabIndex":1},"orc-cli-doc":{"id":"orc-cli-doc","title":"doc command","url":"orc-cli-doc.html","level":1,"parentId":"tpm-orc-cli","pages":["orc-cli-doc-pl","orc-cli-doc-orc"],"tabIndex":1},"orc-cli-doc-pl":{"id":"orc-cli-doc-pl","title":"doc: sotto comando pl","url":"orc-cli-doc-pl.html","level":2,"parentId":"orc-cli-doc","tabIndex":0},"orc-cli-doc-orc":{"id":"orc-cli-doc-orc","title":"doc: sotto comando orc","url":"orc-cli-doc-orc.html","level":2,"parentId":"orc-cli-doc","pages":["orc-cli-example-002","orc-cli-example-001"],"tabIndex":1},"orc-cli-example-002":{"id":"orc-cli-example-002","title":"Esempio di sequence diagram","url":"orc-cli-example-002.html","level":3,"parentId":"orc-cli-doc-orc","tabIndex":0},"orc-cli-example-001":{"id":"orc-cli-example-001","title":"Esempio di flow chart","url":"orc-cli-example-001.html","level":3,"parentId":"orc-cli-doc-orc","tabIndex":1},"whats-new":{"id":"whats-new","title":"Whats New","url":"whats-new.html","level":0,"tabIndex":9},"note-pad":{"id":"note-pad","title":"Note Pad","url":"note-pad.html","level":0,"tabIndex":10}}},"topLevelIds":["-3o5fdo_2","orchestrations","orc-activities","expressions","funcs","_xforms","tpm-symphony","tpm-rhapsody","tpm-orc-cli","whats-new","note-pad"]}